student_id,age,gender,study_hours_per_day,social_media_hours,attendance_percentage,extracurricular_participation,exam_score
S1000,23,Female,0,1.2,85,Yes,56.2
S1001,20,Female,6.9,2.8,97.3,No,100
S1002,21,Male,1.4,3.1,94.8,No,34.3
S1003,23,Female,1,3.9,71,Yes,26.8
S1004,19,Female,5,4.4,90.9,No,66.4
S1005,24,Male,7.2,1.3,82.9,No,100
S1006,21,Female,5.6,1.5,85.8,No,89.8
S1007,21,Female,4.3,1,77.7,No,72.6
S1008,23,Female,4.4,2.2,100,No,78.9
S1009,18,Female,4.8,3.1,95.4,Yes,100
S1010,19,Female,4.6,3.7,77.6,No,63.3
S1011,23,Male,3.9,2.4,71.7,No,74.4
S1012,19,Female,3.7,2.1,81.1,No,76.9
S1013,19,Female,3.4,2.7,89.3,No,75.8
S1014,24,Male,2.4,1.5,87.4,No,78.9
S1015,21,Male,3.1,5,97.5,No,74
S1016,20,Male,1,0.6,92.9,Yes,55.2
S1017,24,Female,3.4,2.7,94.7,Yes,70.8
S1018,24,Other,2,4.9,88.3,No,43.9
S1019,19,Male,1.8,2.5,71.1,No,45.3
S1020,22,Female,3.8,2.3,83,No,58.5
S1021,21,Male,5.6,2.1,95.6,No,82.5
S1022,18,Other,4.9,2.3,84.5,No,98.7
S1023,24,Female,1.1,4.1,90,No,43.7
S1024,20,Female,2,0,81.8,No,54.9
S1025,22,Male,4.9,4.3,74.7,Yes,69.9
S1026,22,Male,2,0.8,83.8,No,73.5
S1027,18,Male,3.2,2.2,88.1,No,71.1
S1028,24,Male,4.3,2,78.4,Yes,82.8
S1029,20,Female,2,3.2,82.6,Yes,75.7
S1030,21,Female,3.7,0.6,75.6,No,70.6
S1031,17,Other,1.5,3.1,96.2,Yes,51.3
S1032,20,Other,2.6,4.9,82.1,No,52.1
S1033,18,Female,4,0.9,99.5,No,70.7
S1034,22,Female,1.1,2.7,100,No,51.2
S1035,21,Female,4.2,1.7,84.2,No,72.6
S1036,20,Female,3.5,3,74.9,No,70.7
S1037,17,Male,4.3,2.5,64.1,No,59.4
S1038,17,Male,3.8,1.7,70.3,No,58.1
S1039,19,Male,5.5,3.1,71.3,No,82.3
S1040,19,Female,3.7,4.7,98.8,No,69.7
S1041,23,Female,2.9,2.3,86.2,No,66
S1042,18,Male,3.7,3.4,88.9,Yes,63.5
S1043,24,Female,4.3,0.9,62.8,No,65.7
S1044,20,Female,3.6,1.4,73,No,78.5
S1045,20,Male,3.6,3.1,93.9,Yes,75.1
S1046,24,Male,2.4,4.3,87.9,Yes,71
S1047,23,Female,2.5,2.9,83.5,Yes,59.7
S1048,22,Female,1.4,2.1,90.6,No,52.6
S1049,22,Female,6.1,2.5,100,No,96.5
S1050,23,Female,1.6,1,82.8,Yes,62
S1051,22,Female,2.5,3.2,85.7,No,59.7
S1052,19,Female,2.4,3.6,86.9,No,48.4
S1053,20,Female,4.8,2,100,Yes,70.6
S1054,23,Female,3.1,1.9,64,No,68.1
S1055,20,Male,5.4,2.8,91.8,No,87.2
S1056,24,Male,2.5,2,83.9,No,66.7
S1057,17,Male,3.9,2.4,90.7,Yes,75.2
S1058,19,Female,2.2,5,78.4,Yes,46.4
S1059,21,Female,6.7,2.2,84.5,Yes,97.1
S1060,19,Female,1.7,2.1,92.1,No,61.2
S1061,23,Male,4,1.7,100,No,75
S1062,21,Male,4.5,3.4,93.1,No,94.7
S1063,17,Male,4.1,2.3,76.5,No,77.6
S1064,23,Male,3.2,1.7,80.8,Yes,68.6
S1065,18,Female,3.3,4.1,80.5,No,69.6
S1066,20,Male,3.6,4.2,67,No,66.5
S1067,17,Male,3.3,1.8,81.7,No,62.2
S1068,20,Female,4.9,0.3,92.3,No,82.1
S1069,22,Male,6.8,3.7,72.3,No,100
S1070,18,Female,2.7,1.7,95.5,Yes,59.7
S1071,18,Female,1.4,3.4,89.9,Yes,55.1
S1072,17,Male,3.4,0.1,77.7,Yes,77.1
S1073,18,Female,7.4,3.6,83.6,Yes,97.7
S1074,21,Female,2.3,1,100,No,66.9
S1075,18,Female,6,3.4,92.3,Yes,99.9
S1076,20,Male,6,2.5,85.1,Yes,100
S1077,20,Female,2.7,1.4,82.6,No,57.2
S1078,23,Female,4.4,2,85.8,No,77.3
S1079,20,Male,5.9,3.3,79.9,No,91.6
S1080,23,Male,2.9,2.6,64,No,70.7
S1081,20,Other,3.2,3.2,100,No,57.6
S1082,21,Female,2.6,4.9,86.6,No,60.2
S1083,24,Male,2,0.6,89,Yes,50.5
S1084,23,Female,2.5,4.4,84.4,No,51.3
S1085,19,Male,1.7,2.6,77.6,No,53.5
S1086,22,Male,3.6,1.4,83.1,No,79.2
S1087,17,Male,2.3,0.9,69,Yes,47.2
S1088,20,Male,3.9,2.3,100,No,73.4
S1089,18,Male,1.2,3.6,72.7,Yes,41.1
S1090,24,Male,4,2.3,74.7,No,77.8
S1091,20,Female,4.8,4.3,80.6,No,63.4
S1092,18,Male,0.5,0.8,97.9,No,43.9
S1093,22,Male,4.1,2.5,85.1,No,70.2
S1094,22,Female,5.3,1,72.6,No,81.3
S1095,22,Male,1.7,2.9,97.5,No,50.2
S1096,18,Female,6,3.6,92.3,No,87.9
S1097,20,Male,4.1,2,90.4,No,80.9
S1098,22,Male,2.4,0,92.2,Yes,63.9
S1099,21,Male,3.4,2.7,100,No,65.6
S1100,23,Male,4.3,3,100,Yes,93.2
S1101,18,Male,3.6,3,78.1,No,74
S1102,18,Male,4.3,4,100,No,60.8
S1103,20,Male,2.1,1.2,88.8,No,50.4
S1104,18,Male,3.8,3.3,90,No,74.3
S1105,18,Male,1.4,3.9,68.1,Yes,32.8
S1106,22,Male,3.3,0.4,83.3,Yes,82.3
S1107,20,Male,2.1,2.9,76.9,No,60.4
S1108,22,Female,2.4,1.9,93.3,Yes,60
S1109,23,Female,5.4,2.4,95.7,No,77.5
S1110,24,Male,5.1,2.9,64.3,Yes,86.5
S1111,23,Female,4.4,1.9,84.8,No,76.9
S1112,24,Female,1.9,1.7,96.2,Yes,43.9
S1113,22,Male,3,2.5,83.1,No,51.3
S1114,23,Female,5.3,1.2,92.3,No,83.3
S1115,20,Female,3.7,1.2,88.5,No,82.7
S1116,17,Male,7,3.3,88.4,Yes,94.8
S1117,22,Male,4.1,1.1,82.3,No,80.8
S1118,24,Female,3.8,3.3,72.8,Yes,58.3
S1119,21,Female,3,3.1,73.8,No,66.3
S1120,24,Male,3.7,0.4,92.1,No,87.9
S1121,21,Male,3.3,1.7,85.2,No,60.5
S1122,18,Male,4.6,3.9,83.6,No,84.8
S1123,23,Female,4.9,1.3,80.8,No,77
S1124,21,Female,2.3,1.9,81.9,No,61.7
S1125,24,Male,1.5,3.1,95.5,No,44
S1126,18,Male,0.7,3.4,81.6,No,42.4
S1127,17,Female,4.3,2.2,71.6,No,88
S1128,20,Male,1.8,1.8,92.4,No,48.7
S1129,20,Male,0.3,4.2,83,Yes,26.8
S1130,20,Female,4.1,4.6,85.3,No,81.6
S1131,21,Female,7.2,3.7,100,No,100
S1132,17,Female,3.5,2.6,84.8,Yes,74
S1133,21,Female,4.8,1.5,87.9,Yes,78.4
S1134,23,Male,3.6,1.5,73.2,No,70.7
S1135,21,Male,3.4,3.1,82.8,No,74.3
S1136,17,Female,4.9,3,91.1,No,67.6
S1137,17,Male,3.1,4.2,69.4,No,64.7
S1138,23,Male,3.9,3.3,87,No,64.1
S1139,17,Male,4,0.7,86,No,83.5
S1140,24,Male,2.5,3.8,85.4,No,63.4
S1141,17,Male,5,1.3,95.4,No,96.2
S1142,20,Male,3.2,2,88.3,Yes,65.4
S1143,24,Male,2.4,2.8,99.8,No,62
S1144,24,Male,4.3,4.9,75.1,Yes,74
S1145,23,Female,2.2,6.2,86.4,No,46.7
S1146,19,Female,3.5,3.2,85.8,No,75.5
S1147,19,Female,3.5,2.3,74.3,Yes,78.1
S1148,17,Female,5.1,3.1,94.6,No,85.2
S1149,24,Female,4.2,3.6,100,No,75.4
S1150,19,Male,3.5,2.1,84.8,No,64.2
S1151,19,Female,4.7,4.7,90.1,No,69.7
S1152,17,Female,5.6,2.8,85.8,No,90.3
S1153,19,Female,4.3,3.1,77.9,No,81.4
S1154,21,Male,3.5,3.3,66.8,No,65
S1155,18,Male,1.5,3,77.9,No,57.3
S1156,23,Male,1.9,3.5,71.1,No,57.7
S1157,18,Male,3,1.8,100,No,56.7
S1158,17,Female,2.6,1.8,83.8,Yes,62.3
S1159,20,Female,3.2,1.2,81.5,No,77.9
S1160,23,Male,3.6,3,93.9,No,65.2
S1161,17,Other,4.3,3.4,73.8,No,76.8
S1162,24,Female,3.4,3,77.3,No,83.8
S1163,20,Male,4.2,4.5,85.7,No,70.6
S1164,18,Male,3.6,2.5,95.3,Yes,63.1
S1165,17,Male,0.5,3.3,90,No,39
S1166,24,Male,2.1,1.2,87.5,No,66.7
S1167,23,Male,3.3,2,85.8,No,72.2
S1168,23,Male,1.7,3.3,89,Yes,50.1
S1169,22,Male,4.4,3.5,87,No,62.4
S1170,24,Male,5.8,2.1,74.7,No,96.6
S1171,21,Female,5.3,2.4,85.5,Yes,85.8
S1172,19,Male,3.2,0.7,74.3,No,68.3
S1173,20,Female,5.7,2.1,85.8,Yes,83.8
S1174,24,Male,3.7,3.6,80.2,No,69.3
S1175,22,Other,3,3.2,100,No,65.3
S1176,19,Male,2.6,3.1,84.6,Yes,77.5
S1177,19,Male,3,2.6,71,Yes,55
S1178,17,Other,2.9,2.5,83.7,No,65.2
S1179,19,Female,3.8,1.7,90.2,No,58.1
S1180,21,Female,3.7,3.3,100,No,69.2
S1181,23,Male,3.5,3,79.1,No,67.4
S1182,22,Male,4.2,3.1,69.2,No,79.9
S1183,19,Female,5.3,1.9,93.2,Yes,85.7
S1184,17,Female,4.9,0,71.2,No,96.2
S1185,21,Female,1.3,3.8,80.6,No,40.4
S1186,18,Female,0,1.9,82.4,No,55.2
S1187,23,Male,4.9,1.5,84.3,No,73.8
S1188,23,Female,1.4,3.3,91.9,Yes,46.5
S1189,22,Male,3.2,2,78.2,Yes,60.5
S1190,23,Male,1.7,3.8,82.3,No,55.4
S1191,19,Male,0.8,3.2,84.9,No,45.1
S1192,17,Female,4.3,3.3,86.5,No,69.4
S1193,23,Male,4.6,0.9,86,No,81.3
S1194,23,Male,2.6,4,89.4,No,66.6
S1195,18,Female,0,2.8,93.4,No,26.7
S1196,18,Male,2.7,2.1,88.9,No,64.5
S1197,20,Female,4.1,2.7,89.5,Yes,87.1
S1198,21,Male,1.3,0.4,69.2,Yes,42.2
S1199,19,Female,3.8,3,85.5,No,61.6
S1200,23,Female,3.5,1.3,89.8,No,81.9
S1201,24,Male,4.4,0.9,92.3,No,96.5
S1202,23,Male,3.7,0.7,78.1,No,85.1
S1203,17,Male,2,3.8,78.4,No,58.5
S1204,20,Male,5.3,1.7,79.3,Yes,78.4
S1205,21,Other,3.3,4.3,90.4,No,56.4
S1206,24,Male,3.5,1.9,95.3,Yes,92.6
S1207,20,Female,2.1,0.5,80.9,Yes,62.3
S1208,22,Male,2.8,1.2,94.1,No,75.8
S1209,21,Female,2.2,4,86.2,Yes,47.1
S1210,23,Female,3.2,2.3,83.8,No,66.3
S1211,23,Female,6.1,1.8,82.9,Yes,98.3
S1212,21,Male,1.4,2.7,92.5,Yes,29.7
S1213,23,Male,1.1,3.1,88.3,No,45.5
S1214,19,Male,5.7,3.8,100,No,100
S1215,21,Female,3.2,4.2,76.5,Yes,67.5
S1216,20,Female,2.5,2.1,90.2,Yes,60.3
S1217,21,Other,5.1,0.9,79.7,No,87
S1218,24,Male,2.6,2,76.3,No,48.5
S1219,23,Female,6.2,2.8,84.9,No,100
S1220,19,Female,4.5,1.3,86.4,No,82.1
S1221,19,Male,2.8,1.4,100,Yes,63.7
S1222,22,Male,6.7,2.9,83.2,No,100
S1223,20,Female,2.6,2.4,73.7,No,41.9
S1224,18,Female,4.6,2.5,87.7,No,72.7
S1225,18,Female,3.9,1.6,64.3,Yes,74.3
S1226,21,Male,5.5,2.2,84.1,No,88.7
S1227,22,Female,5.8,1.4,85.2,Yes,96.6
S1228,17,Male,3.5,3.6,92.9,Yes,72.6
S1229,21,Male,2.4,3.7,94.7,Yes,52.4
S1230,22,Male,4.2,0.3,80,Yes,100
S1231,20,Female,2.5,1.4,83.5,No,73.1
S1232,20,Female,6.5,0.7,77.3,No,100
S1233,20,Female,3.7,1.7,73.7,Yes,80.8
S1234,20,Male,3,2.4,88.1,No,62.9
S1235,20,Female,3.8,0.8,72.3,No,71.5
S1236,22,Male,1.5,1.4,80.9,No,46.2
S1237,22,Female,2,1.3,75,No,53.8
S1238,19,Male,5.3,2.7,90.5,Yes,74.2
S1239,24,Male,2.5,2.6,100,No,52.5
S1240,18,Male,1.9,1.6,72,No,51.2
S1241,23,Male,4.3,2.7,66.5,No,60.6
S1242,20,Female,5.3,1.8,83.8,No,91.5
S1243,17,Female,4.6,2.2,85.2,No,87.3
S1244,23,Male,5,4.5,87.2,No,98
S1245,22,Female,2.4,4.1,80.5,Yes,47.9
S1246,17,Male,1.4,0.9,83,No,51
S1247,17,Female,5.8,3.5,88.7,Yes,90
S1248,17,Female,3,3.5,95.4,No,54.1
S1249,19,Female,3.1,1.1,65.4,Yes,58.4
S1250,22,Male,5.5,3.5,81.3,No,100
S1251,17,Female,4.3,4.3,87.1,No,65.2
S1252,20,Female,4.2,1.2,75.8,No,85.3
S1253,21,Male,6.7,1.4,100,No,93.8
S1254,17,Male,2.5,3.7,78.6,No,78.8
S1255,19,Female,4.9,2.8,84.6,No,85
S1256,23,Female,3.6,3.2,90.6,No,64.5
S1257,22,Female,3.9,2.9,79.1,No,71
S1258,24,Female,5.8,3,66.5,No,90.8
S1259,19,Female,4.3,0.9,80.7,No,72.6
S1260,17,Male,4.3,3.8,95.3,No,70.9
S1261,22,Male,5.1,3.9,81.6,Yes,65.1
S1262,21,Male,3,2.2,76.5,No,49.1
S1263,17,Female,2.2,2.4,94.3,No,62.7
S1264,19,Male,1.9,0.7,81.7,No,51.5
S1265,18,Female,0.6,3.1,79.9,No,18.4
S1266,20,Female,6.6,3.2,86.5,Yes,100
S1267,24,Female,1.8,2.4,92.7,No,53.3
S1268,23,Male,3.2,3.8,100,No,76.1
S1269,19,Female,3.1,2.1,93.3,No,85.6
S1270,22,Male,4,3.2,96.6,Yes,63
S1271,24,Female,4.7,1.3,79.9,No,73.6
S1272,24,Male,4.8,2.5,74.7,No,76.2
S1273,24,Male,2.6,2.3,85.6,Yes,45.5
S1274,17,Female,3.2,2.8,86.1,Yes,58.6
S1275,20,Male,3.9,2.1,74.2,No,77.8
S1276,17,Male,3.1,2.3,83.2,Yes,61.5
S1277,22,Female,5.9,3.5,89,No,71.4
S1278,17,Female,4.2,2,88.6,Yes,93.9
S1279,18,Female,4.6,0.6,90,No,85.9
S1280,20,Female,4.5,4.6,87.9,No,73.8
S1281,20,Female,5.3,4.2,79.9,No,83.3
S1282,22,Male,3.8,0.9,79.9,No,79.7
S1283,23,Male,1.6,3.3,73,No,47.1
S1284,18,Male,4.1,1.9,100,No,91.9
S1285,19,Female,2.5,2.8,85.1,Yes,60.6
S1286,17,Female,2.7,2.9,82.8,No,46.6
S1287,21,Male,4.4,2.2,75.7,Yes,84.2
S1288,17,Male,5.4,1.6,100,No,95.5
S1289,24,Female,3.5,1.7,74.3,Yes,73.5
S1290,17,Male,4,1.4,80.7,No,75.9
S1291,19,Female,6.1,1.5,89.2,No,100
S1292,17,Female,3.9,2.4,91,Yes,74.2
S1293,18,Female,7.4,1.6,94.6,Yes,100
S1294,18,Male,4.3,3.3,100,No,94.9
S1295,20,Female,0.9,4.3,90.1,No,27.6
S1296,22,Female,4.6,1.8,74.4,No,86.2
S1297,23,Female,4.1,2.8,82.4,No,60.1
S1298,21,Female,5.4,3.1,88.1,Yes,91.3
S1299,24,Female,4.5,3.1,100,No,93.8
S1300,17,Female,3.3,2.6,71,Yes,61.6
S1301,17,Male,1.7,3.4,97,No,41.7
S1302,19,Female,3.2,3.1,86.8,No,74.5
S1303,22,Female,2.2,1,93.4,No,63.7
S1304,18,Male,2.6,3.5,84,No,39.6
S1305,21,Female,4.4,3.6,76.6,Yes,87.5
S1306,20,Female,6,1.6,92.5,No,100
S1307,18,Female,4.1,2.5,91.5,No,75.4
S1308,24,Male,1.7,3.3,94.7,Yes,61.5
S1309,22,Male,4.2,2.2,84.9,Yes,73.3
S1310,24,Other,5.3,3.8,79,No,96.3
S1311,23,Female,2.6,5.3,69.4,No,67
S1312,20,Male,3.3,1.6,93.2,No,70.1
S1313,23,Female,3.5,0.8,89.2,No,84.2
S1314,19,Female,2.3,2.9,75.3,Yes,48.9
S1315,24,Female,4.5,3.4,79.6,No,98.8
S1316,19,Female,3.3,2.2,80.3,No,76.1
S1317,17,Male,4.1,4.2,70.2,Yes,80.4
S1318,23,Male,2.2,0.9,76.8,No,64.1
S1319,22,Male,2.8,3.3,73.7,Yes,59.4
S1320,24,Female,4.6,1.8,80.9,Yes,94.2
S1321,21,Male,2.9,4.6,77.6,Yes,67.8
S1322,20,Male,6.1,4.9,68.7,No,96.1
S1323,18,Male,2.9,1.6,100,No,70.2
S1324,22,Female,3.8,1.8,97.5,No,84.2
S1325,22,Female,4.9,3.5,77.2,No,75.4
S1326,19,Male,1.4,2,87.7,No,41.7
S1327,23,Male,0.9,2.4,89.2,No,23.1
S1328,24,Female,1.2,2.5,96.9,No,50.3
S1329,24,Male,5.4,0.2,76.8,No,100
S1330,17,Male,2.7,2.5,95.9,No,52.2
S1331,17,Male,7.3,1.7,79.5,Yes,100
S1332,20,Male,2.7,1.9,71.6,No,71.2
S1333,19,Male,3.8,4.2,92.2,No,72.3
S1334,22,Female,5.8,1,97.9,No,100
S1335,24,Male,6.5,3.5,100,Yes,100
S1336,21,Female,6.6,2.2,73,Yes,100
S1337,19,Male,5.3,2.2,92,No,93.1
S1338,20,Female,5,3.4,80.9,Yes,67.7
S1339,20,Female,4.4,2.9,92.8,Yes,77.9
S1340,19,Male,4.7,3.2,70.3,No,80.3
S1341,20,Female,2.7,3.7,72.4,No,44.3
S1342,19,Male,2.3,2.1,77.2,No,54.7
S1343,18,Other,3.5,1.8,85.8,No,85
S1344,19,Male,3.2,1.2,78.6,Yes,81.7
S1345,23,Male,2.8,1.5,91.6,No,71.6
S1346,19,Male,4.5,6,95.3,Yes,73.7
S1347,20,Other,4.9,4,91,No,77
S1348,24,Female,3.6,0.9,100,No,72.3
S1349,23,Female,5.7,0.9,89.2,No,100
S1350,20,Male,1.8,3.1,72.8,No,54
S1351,17,Female,3.2,3.2,98.6,No,70.4
S1352,17,Male,2.4,3.2,78.9,Yes,47
S1353,24,Female,0.7,2.2,94.1,No,48.7
S1354,24,Male,3.4,2.3,100,No,47.6
S1355,23,Male,3.3,2.9,89.6,No,81.1
S1356,18,Male,5.8,2.6,70,No,100
S1357,24,Male,4.4,0,75.8,No,81.9
S1358,17,Female,2,2.2,98.2,No,56.3
S1359,19,Male,6.3,1.5,83.3,Yes,100
S1360,20,Female,5.3,2.7,85.8,No,81
S1361,17,Male,4.4,6.1,92.6,Yes,84.9
S1362,17,Female,3.2,2.9,92,No,67.9
S1363,18,Male,2.1,2.1,87.8,No,56.9
S1364,23,Male,2.9,3.6,82.9,No,45.9
S1365,23,Female,5.1,3.1,81.9,No,76
S1366,22,Male,6.3,3,93.6,Yes,94.8
S1367,18,Male,5.8,3.2,90.5,No,99.3
S1368,19,Female,2.8,5,82.4,No,71
S1369,23,Female,1.8,1.1,95.8,No,70.9
S1370,20,Male,3.7,3.1,83.7,Yes,59.8
S1371,24,Male,0.8,1.4,76.5,No,36
S1372,18,Female,4,3.2,77.4,No,68.4
S1373,24,Male,3.3,1.4,75.2,Yes,72.9
S1374,17,Male,2.8,2,82.3,No,57.3
S1375,20,Male,1.1,2.1,97.3,Yes,50.3
S1376,20,Female,4.3,3.7,76.9,No,65.7
S1377,17,Female,2.7,3.6,86.9,Yes,67.9
S1378,18,Male,1.7,1,78.4,No,63.6
S1379,17,Male,0,2.6,82.4,No,32.9
S1380,24,Male,3.5,1.6,69.9,No,67.7
S1381,22,Female,6.2,1,82.8,No,100
S1382,20,Male,6,2.2,83.1,No,96.8
S1383,21,Male,2.8,2.1,90.4,Yes,71
S1384,21,Female,2.6,5.4,87.2,No,59.8
S1385,24,Male,4.2,3,73,No,64.2
S1386,19,Female,2,0.8,95.8,No,45.2
S1387,23,Male,4,1.8,87.1,Yes,82.9
S1388,17,Male,4.6,3.7,87,Yes,73.2
S1389,17,Male,5.3,5,84.9,No,79.6
S1390,19,Female,3.3,0.6,79.8,No,73
S1391,19,Female,3.2,0.2,87.2,No,72.6
S1392,24,Female,2.2,4.7,89.8,No,45.2
S1393,24,Male,2.3,3,67.5,No,51.8
S1394,19,Female,3.2,1.5,79.6,No,92
S1395,20,Male,4.1,3.1,82.5,No,77.8
S1396,24,Male,4.9,0,87.6,No,97.2
S1397,22,Female,2.3,2.5,96.9,Yes,71.9
S1398,24,Male,5.7,2.9,77.3,Yes,69.1
S1399,17,Male,3.1,3.6,80,Yes,59.6
S1400,24,Male,3.5,1.3,79.9,No,60.4
S1401,20,Male,2.4,2.6,77,Yes,48.3
S1402,19,Male,0,1.4,81.5,Yes,50.1
S1403,17,Female,4.8,2.8,92.7,No,74.9
S1404,24,Male,4.6,1.4,74.5,Yes,85.6
S1405,20,Female,3.1,2,89.3,Yes,65.4
S1406,22,Female,3.6,1.3,68,Yes,82.4
S1407,24,Male,4.3,3.3,79.4,Yes,67.3
S1408,20,Male,1.2,3.5,81.7,No,34.3
S1409,22,Male,2.7,2.2,100,No,53
S1410,19,Female,4.7,2.5,82.3,No,78
S1411,24,Male,1.6,0.8,63,No,58.2
S1412,22,Female,3.9,2.1,65,No,73.7
S1413,17,Male,1.5,2.4,85.3,No,60.3
S1414,19,Female,4.2,5.6,91.1,Yes,78.7
S1415,17,Male,3.4,1.2,88.8,Yes,68.3
S1416,21,Male,1.1,4.3,86.7,No,49.9
S1417,18,Female,5.2,3.7,96.6,Yes,100
S1418,24,Female,2.4,2.8,79.6,Yes,54.7
S1419,22,Male,2.3,4.6,93.9,No,58.7
S1420,18,Female,3.8,2.9,68.7,No,70.8
S1421,18,Female,5.2,3,76,Yes,87.1
S1422,22,Female,2,2.4,66.9,Yes,29.5
S1423,19,Female,3.6,4,82.3,No,53.2
S1424,24,Male,4.1,3.8,84.5,No,73
S1425,21,Male,4.5,1.7,86.1,Yes,71.1
S1426,17,Male,3.8,0.9,85.6,No,80.9
S1427,20,Female,2.9,2.3,75.7,No,75.1
S1428,17,Female,2.3,1.5,83.1,No,52.4
S1429,20,Male,3.6,2.4,70,No,67.6
S1430,17,Male,1.9,4,98.6,Yes,35.7
S1431,22,Female,0,2,82,No,29.9
S1432,21,Other,4.2,2.4,80.1,No,70.7
S1433,24,Female,4.9,2.6,100,Yes,89.3
S1434,20,Male,0,3.5,72.6,No,26.2
S1435,24,Male,2,0,73.7,Yes,58.3
S1436,24,Male,4.4,1.8,74,Yes,78.4
S1437,24,Female,6.6,2.8,84.3,No,100
S1438,23,Male,3.5,3.9,89.3,Yes,66.8
S1439,19,Female,2.4,1.9,92.4,No,63.8
S1440,17,Male,3.2,0.2,100,No,76.1
S1441,24,Female,5.6,3.2,62.5,No,82.7
S1442,17,Female,2.5,1.7,91.1,No,65
S1443,24,Female,2.3,1.1,79.4,No,66.8
S1444,20,Male,2.8,1.8,79.1,Yes,64.9
S1445,19,Male,2.1,2.3,78.8,No,63.1
S1446,19,Male,3.7,1.8,75.9,No,56.3
S1447,22,Female,5.9,0,100,Yes,93.6
S1448,23,Female,4,3.6,93.4,Yes,91.9
S1449,22,Female,3.1,4,85.2,Yes,74
S1450,22,Female,3.1,3.3,98.5,No,62.7
S1451,22,Female,1.2,1.1,69.9,No,58.6
S1452,22,Male,4.8,2.3,71.7,No,89.3
S1453,22,Female,3.4,2.5,63.2,No,63.4
S1454,21,Male,3.2,3.2,78,No,46.7
S1455,19,Male,8.3,3.3,86.6,No,100
S1456,22,Female,3.9,1.6,86,No,68.7
S1457,24,Male,2.4,2.6,86.5,No,58.9
S1458,19,Male,2.9,3,70.9,No,59
S1459,19,Female,5.2,4.2,93,No,77.9
S1460,18,Male,3.7,3.3,87.4,No,72.3
S1461,21,Female,1.3,3.4,92.3,No,49.7
S1462,22,Male,4.9,2.6,66.1,No,80.9
S1463,17,Male,2.5,4.2,88.1,No,44.5
S1464,20,Male,6.3,3,73.1,No,85.3
S1465,23,Male,5.1,1.5,81,No,83.2
S1466,24,Female,2.8,4.2,90.3,No,59.7
S1467,17,Male,5.4,3.3,85.9,No,98.1
S1468,21,Female,3.6,2,76.5,Yes,66.8
S1469,20,Male,4.8,1.9,85.1,Yes,96.1
S1470,21,Female,4.2,2.9,69.7,No,60.4
S1471,24,Female,2.2,3.1,96.5,No,33.8
S1472,19,Female,2.5,2.7,82.9,No,56.1
S1473,20,Male,5,2.9,96.2,No,80.6
S1474,19,Male,3,4.5,79.7,No,52.6
S1475,24,Male,2.9,3.8,79.8,Yes,52.1
S1476,17,Female,2.1,2.7,77.4,Yes,39.9
S1477,24,Male,4.1,3.6,93.8,No,84
S1478,17,Female,6.6,1.3,77.9,Yes,97.7
S1479,20,Female,1.9,3,91.4,No,43.3
S1480,20,Male,3.5,4.7,81.2,No,55.9
S1481,22,Female,5.6,2.2,65.2,No,84.6
S1482,21,Male,3.4,1.5,79.3,No,67
S1483,22,Male,4.2,1.7,73.2,No,76
S1484,21,Female,1.9,1.2,85.3,Yes,56.9
S1485,22,Female,4.1,1.6,73.1,No,77.5
S1486,19,Female,3.2,2.1,94.3,No,69.4
S1487,20,Male,5,0.8,84.1,Yes,94.6
S1488,17,Male,5.3,2.5,83.2,Yes,93.4
S1489,21,Female,7.4,3.6,91.6,Yes,100
S1490,24,Female,4.4,1.4,94.6,Yes,63.6
S1491,21,Female,4,4.3,84.8,No,53
S1492,17,Male,3.8,3.1,77.3,No,67.8
S1493,22,Female,3,3.7,67.3,No,73.9
S1494,21,Male,4,1.7,78.1,No,66.5
S1495,23,Male,3.1,3.5,78.8,No,49.9
S1496,19,Female,3.8,1.2,86.1,No,73.9
S1497,20,Male,5.5,3.6,81.5,No,80.3
S1498,17,Female,2,2.7,91.9,No,71.7
S1499,20,Male,5.2,3.2,78.9,No,83.3
S1500,23,Male,5.5,1.1,84.4,No,84.5
S1501,21,Female,3.3,1.4,96.8,No,74.9
S1502,21,Female,0.3,3.2,88.4,Yes,34
S1503,24,Female,2.6,1.4,84.4,No,63
S1504,23,Female,5.4,3.1,79,No,77.9
S1505,17,Female,3.5,0.9,78.7,Yes,72.9
S1506,24,Female,2,3.5,76.5,No,53.2
S1507,19,Female,2.7,1,79.6,No,57.3
S1508,24,Male,4.8,3.2,92.6,Yes,76.6
S1509,18,Female,4.3,3.3,82.8,No,64.6
S1510,17,Male,3.1,1.7,71.5,Yes,51.1
S1511,18,Other,2.9,3.2,100,No,63
S1512,23,Female,2.9,2.8,88.2,Yes,61.6
S1513,22,Male,2.1,1.9,70.9,No,62.5
S1514,18,Female,5.9,1.3,80.6,Yes,87.1
S1515,19,Female,3,0.1,86.1,Yes,82.5
S1516,24,Male,5.3,2.9,100,Yes,80.9
S1517,22,Female,5.8,0.6,73.9,No,100
S1518,24,Female,5,2.6,94.8,No,79.6
S1519,18,Male,2.9,2.2,99,No,71.2
S1520,24,Female,4.1,3.3,78.7,No,62.7
S1521,23,Male,3.5,2.1,82.2,No,64.2
S1522,22,Female,2.1,2.1,74.6,Yes,44.1
S1523,23,Other,4,3.4,83,No,61.7
S1524,18,Female,1.7,2.9,84.6,Yes,39.9
S1525,23,Male,5.3,2.9,91.6,No,84.1
S1526,19,Female,2.8,3.1,95.9,No,40.7
S1527,18,Female,3.8,0.7,77.5,No,81.8
S1528,18,Male,3.9,3.4,65.3,Yes,77
S1529,18,Female,3.1,3.2,84.8,No,65.7
S1530,17,Male,4.4,1.3,87.9,Yes,80.9
S1531,24,Female,2.8,2.2,87.5,Yes,47.4
S1532,17,Male,4.8,2.5,81.7,Yes,83
S1533,17,Male,1.5,2.3,86.2,No,54.2
S1534,19,Male,3.7,2.9,100,No,82.5
S1535,22,Female,6.4,4.2,88.8,No,85
S1536,24,Male,2,3.8,81.3,Yes,40.4
S1537,23,Female,2.5,0.9,80,No,58.9
S1538,21,Male,4.3,3.2,83.3,No,67.5
S1539,18,Male,3.8,4.1,100,Yes,81
S1540,23,Female,4,3,83.2,Yes,74.7
S1541,18,Female,4.2,3.8,84.8,No,67.4
S1542,19,Male,4.5,4.9,80.2,No,72.2
S1543,18,Female,5.2,3.7,96,No,77.1
S1544,17,Female,4.1,2.8,100,No,87.9
S1545,24,Female,3.1,3.8,89.5,Yes,54.1
S1546,21,Male,4.5,2.7,85.8,Yes,62.9
S1547,20,Male,6.3,2.5,85.4,No,95.6
S1548,18,Female,3.3,2.1,61.2,No,67.1
S1549,23,Male,2,4.4,92.5,No,51.5
S1550,17,Female,5.2,1.5,86.3,No,97.9
S1551,20,Female,3.3,4.3,89.3,No,67
S1552,21,Female,0.2,3.1,77.9,Yes,31.5
S1553,20,Female,4.8,0.8,81.2,No,88
S1554,17,Other,2.7,2.9,80.9,No,53.4
S1555,24,Male,3.4,0,95.2,Yes,83.4
S1556,24,Female,4,3.3,81.2,No,79
S1557,22,Male,3.8,3.6,100,Yes,69.9
S1558,24,Male,4.6,1.8,89.3,Yes,60.1
S1559,22,Female,2.8,2.6,72.2,No,70.3
S1560,20,Female,4.3,4.8,83.7,No,79.8
S1561,19,Other,3.1,1.9,78.5,Yes,66.6
S1562,23,Female,4.6,1.2,63.1,No,91.7
S1563,23,Male,4.4,4.3,100,No,70.1
S1564,20,Male,2.1,4.9,92,No,61.5
S1565,18,Female,5.1,2.5,90.3,No,79.3
S1566,18,Male,2.7,3.7,86.7,Yes,63.9
S1567,24,Male,4.7,4.1,71.2,Yes,93.1
S1568,23,Male,4.1,1.6,80.2,Yes,89.8
S1569,23,Male,6.3,1.9,93.4,Yes,100
S1570,22,Male,3.2,4,74.5,Yes,61.8
S1571,19,Male,3,4.5,59.7,Yes,51.5
S1572,17,Male,3.5,3.2,82.7,No,60.4
S1573,18,Male,3,1.4,83.6,No,67.2
S1574,23,Other,4.7,4.9,86.4,No,89.6
S1575,22,Male,1.1,1.9,92.3,Yes,48.3
S1576,21,Male,1.9,2.1,91.4,No,61.7
S1577,22,Female,1.9,2.9,87.6,Yes,44.4
S1578,18,Male,4.9,4.4,97,No,77.2
S1579,18,Female,6.1,3.5,69.8,Yes,100
S1580,22,Female,3.3,3,90,No,73
S1581,17,Male,3.2,3.1,91.3,No,68.5
S1582,20,Male,3.6,2.6,72.6,No,61
S1583,18,Female,5.2,3.2,70,Yes,70.5
S1584,22,Female,2.1,0,77.5,No,52.5
S1585,23,Male,3.9,2.1,78.4,No,62.8
S1586,22,Female,5,2.8,92.5,Yes,83.5
S1587,19,Male,4.3,1.1,78.9,No,71.4
S1588,20,Other,3.8,3,76.4,No,61.5
S1589,21,Male,5,2.3,78.9,No,75.4
S1590,17,Female,0,4.6,96.2,No,42
S1591,24,Female,4.5,4.4,85.1,No,64
S1592,21,Female,2.5,1.9,83.2,No,60.1
S1593,20,Female,0.8,2.3,83.9,No,34.7
S1594,20,Male,4.3,2.4,97.9,No,88
S1595,20,Male,5.6,2,77.5,No,100
S1596,21,Male,3.3,2.7,98.2,No,66.1
S1597,23,Male,4.9,1.6,87.1,No,95.5
S1598,20,Female,5.9,1.1,83.4,Yes,86.4
S1599,22,Male,5.5,3.2,100,No,77.3
S1600,21,Male,6,3.3,74.4,Yes,90.2
S1601,24,Other,4.6,1.5,81.5,Yes,80.2
S1602,20,Female,3.6,3.6,72.7,Yes,72.9
S1603,22,Female,1.1,1.7,94.5,No,35.8
S1604,23,Other,3.1,2.8,100,Yes,72.8
S1605,19,Male,2.2,3.5,100,No,67.6
S1606,23,Male,6.8,2.5,97.2,No,93.1
S1607,24,Female,3.2,3,83,Yes,57.5
S1608,20,Female,3.7,1.9,81.3,Yes,61.1
S1609,24,Male,4.3,2.3,68.3,No,77.4
S1610,21,Female,3.6,2.3,100,No,69.6
S1611,18,Male,6,1.6,89.7,No,100
S1612,20,Male,2.6,2.3,80.1,No,69.3
S1613,18,Female,3.8,0.6,98.3,No,85.7
S1614,22,Female,2.4,1.9,75.3,No,53.9
S1615,19,Female,1.5,2.2,89.1,No,43.7
S1616,17,Male,2.6,2.2,83.3,No,79.3
S1617,24,Female,3.4,2.2,91.4,No,71.3
S1618,23,Male,2.9,2.4,84.4,Yes,61.4
S1619,19,Male,2.5,3.1,70.5,No,45.1
S1620,20,Female,1.4,3.5,85.8,No,39.8
S1621,18,Female,3.4,1.7,95.5,No,70.7
S1622,23,Female,1.2,1.1,84.7,Yes,35.6
S1623,18,Female,4.6,1.2,92.8,No,93
S1624,21,Female,3.6,1.9,74.5,Yes,83.2
S1625,18,Female,1.3,2.1,84.7,Yes,46.6
S1626,21,Male,3,1.6,78.8,Yes,70.8
S1627,22,Male,2.4,0.9,92.5,No,78.3
S1628,23,Male,4,2,85.3,Yes,70.7
S1629,23,Male,5.5,2.7,91.9,No,82.6
S1630,17,Female,0.7,3.2,95.9,Yes,50.3
S1631,20,Female,3.7,1.8,91.9,No,80.9
S1632,21,Male,3.3,2,87.7,Yes,75.4
S1633,17,Male,4.5,1.4,75,Yes,83.7
S1634,18,Female,3.8,2.5,85,No,76.8
S1635,18,Male,2.4,1.5,79.7,No,45.8
S1636,17,Female,3,3.2,81.6,Yes,58.4
S1637,23,Female,2.3,0.4,81.3,Yes,70.3
S1638,18,Female,5.1,2.1,75.2,Yes,99.4
S1639,24,Female,3.5,2.9,65.4,No,62.9
S1640,22,Female,6.4,2.7,78.3,No,98
S1641,22,Male,3.4,5.7,86.9,No,74.7
S1642,24,Female,2.4,2.9,71.5,Yes,50.4
S1643,17,Female,1.2,1.3,85.2,No,49.4
S1644,24,Male,0.8,2.4,100,Yes,35.3
S1645,21,Female,1.1,0.4,95.2,Yes,46.3
S1646,21,Female,3.9,2.4,100,No,68.4
S1647,17,Female,4.3,1.5,88.9,No,84.2
S1648,24,Female,1.1,3.6,96.7,Yes,54.6
S1649,21,Female,4.8,1.8,77.8,No,88
S1650,23,Female,2.8,2.4,78.6,No,61.5
S1651,24,Female,3.7,1.7,57.6,No,75.7
S1652,23,Female,5.9,4.6,96.9,No,100
S1653,21,Female,4.8,2.1,100,No,82.6
S1654,22,Female,3.1,4.7,79.5,No,71.5
S1655,21,Female,2.2,3.5,82.5,No,57.6
S1656,23,Male,0.3,3.1,77.5,No,36.1
S1657,19,Female,2.4,2.9,88.8,Yes,67.4
S1658,20,Female,3.2,3,96.2,No,74.8
S1659,18,Male,2,0.2,67.6,Yes,73.6
S1660,24,Female,3.3,2.2,89.1,Yes,79.5
S1661,19,Male,3.6,3.5,82.2,No,62.5
S1662,21,Male,3.2,2.4,86.1,Yes,76.3
S1663,22,Female,2.5,0.8,89.6,No,75.6
S1664,17,Male,3.8,2.4,83.1,No,64.4
S1665,21,Female,4.2,4.5,84,No,75.3
S1666,22,Female,1.9,4,82.9,Yes,50.4
S1667,20,Female,5.6,2.4,94.7,Yes,100
S1668,21,Male,3.4,3.6,89.2,No,76.4
S1669,23,Male,3.5,2.1,87.2,No,69.9
S1670,17,Female,4.6,0.5,72.3,Yes,88.9
S1671,22,Other,3.8,1.4,81.2,Yes,70.4
S1672,22,Female,4.9,4.4,94,No,69.4
S1673,22,Male,3.9,2.2,85.4,Yes,84.9
S1674,20,Female,2.6,2.2,91.6,No,63.6
S1675,21,Female,4,2.1,100,No,82.2
S1676,20,Female,1.8,4.8,95.4,No,37.4
S1677,24,Male,3.7,4.5,85.9,No,73.8
S1678,18,Female,3.5,5.2,79.9,Yes,53.4
S1679,18,Female,3.2,2.3,59.5,No,64.2
S1680,24,Other,3.3,2.9,83.3,No,70.4
S1681,21,Male,0.7,0.7,81.7,No,51.5
S1682,23,Female,2.7,4.3,88.9,No,53.4
S1683,20,Female,3.6,1.1,83.5,No,77.2
S1684,17,Male,3.7,2.8,81.8,Yes,59.8
S1685,22,Female,2,1.2,67.2,No,55.4
S1686,22,Female,5.4,1.8,75.6,No,69.9
S1687,21,Male,2.2,1.5,89.8,No,71.6
S1688,23,Male,5,1.8,100,No,92.9
S1689,18,Female,4.1,1.9,84,No,72.4
S1690,18,Male,2.5,1.8,88.3,No,70.5
S1691,22,Female,6.2,3.5,94.5,No,100
S1692,21,Male,1.7,1.2,76.9,Yes,37.4
S1693,20,Female,4.9,2.8,88.7,No,88.7
S1694,18,Male,5,4,77.6,No,88.6
S1695,20,Female,2.5,1.9,93.6,No,68.5
S1696,23,Other,5.6,1.6,86.5,No,100
S1697,18,Other,3.1,2.2,88,No,66.9
S1698,18,Female,3.9,3.9,77.2,No,71.5
S1699,19,Male,3.9,2.7,92.1,No,77.8
S1700,18,Female,3.3,1.9,100,Yes,67.7
S1701,24,Male,4.7,3.1,74.9,Yes,96.4
S1702,17,Male,4.7,1.2,81.6,No,83.1
S1703,24,Male,0.9,3.3,87.3,No,37.9
S1704,21,Female,5.5,3,92.9,Yes,76.3
S1705,21,Female,1,2.1,79.4,Yes,52.6
S1706,20,Female,5,1.5,56.7,No,83.6
S1707,24,Male,5.2,1.4,98.6,No,92
S1708,24,Male,1.9,3.1,92.6,No,53.2
S1709,24,Other,2.9,4,67.6,Yes,56.4
S1710,23,Male,1.8,1.7,78.9,No,58.1
S1711,18,Male,3.2,3.1,100,No,70.9
S1712,17,Male,3,0,99.5,No,98.7
S1713,20,Female,4.7,1.8,94.4,No,83.3
S1714,24,Female,5.5,2.5,83.2,Yes,80.6
S1715,24,Male,5.6,1.4,85.8,No,91.3
S1716,19,Male,2.7,1.4,83.7,Yes,63.5
S1717,20,Female,3.2,1.7,96.3,Yes,66.3
S1718,24,Female,1,2.9,76.2,No,49.9
S1719,20,Male,2.3,2.3,76.9,No,68.9
S1720,18,Female,4.9,0,95.1,No,94.2
S1721,19,Male,5.9,0,84.6,No,100
S1722,20,Male,1.6,1.8,98.8,No,58.6
S1723,17,Female,2.6,3,78.3,No,53.2
S1724,17,Male,3.5,0,84.5,Yes,70.5
S1725,21,Female,3.9,1.9,75.8,No,64
S1726,19,Male,2.3,1.9,85.1,Yes,77.4
S1727,19,Male,4.1,4.2,70.2,No,57.4
S1728,21,Other,2.8,2,80.1,Yes,59.9
S1729,20,Male,3.5,3,70.6,No,66.7
S1730,19,Female,4.3,2.7,91.9,No,58.4
S1731,17,Male,3.5,0,92.2,No,63.6
S1732,17,Male,2.8,3.4,67.7,No,62.6
S1733,24,Male,3.3,2.8,98.3,No,70.6
S1734,18,Female,3.4,3.1,100,No,75.2
S1735,19,Male,2.9,7.2,85.5,No,50.1
S1736,20,Female,3.1,0,78.6,No,72.8
S1737,21,Male,5.9,4.6,100,Yes,72.7
S1738,21,Other,4.3,2.2,71.8,Yes,76
S1739,20,Male,3.1,2.8,85.2,Yes,74.1
S1740,23,Female,4.5,2.4,86.8,Yes,79
S1741,22,Female,3,2,98.5,No,51.3
S1742,18,Female,5.3,1.8,88.6,Yes,71
S1743,21,Female,4.1,2.9,80,Yes,76.4
S1744,19,Female,3.3,0.7,75.5,Yes,52.6
S1745,18,Female,4.2,3.4,81.6,No,74
S1746,19,Male,1.1,2,74.9,No,42.6
S1747,23,Male,1.8,1.1,85.5,No,49.8
S1748,17,Female,1.7,2,79.4,No,45.7
S1749,18,Female,3.7,4,70.1,Yes,77.2
S1750,24,Female,6.1,1.9,97.6,No,98.5
S1751,21,Female,6.8,2.9,80,No,96.2
S1752,18,Male,4.5,1.6,72.3,Yes,71.3
S1753,18,Male,4.3,3.4,83.3,No,59.2
S1754,18,Female,0.8,3.3,85.7,No,51.8
S1755,22,Male,2.7,4.7,67.5,No,59.3
S1756,18,Male,2.3,2.3,88.3,No,58.5
S1757,19,Female,2.6,3.3,74.5,Yes,44.5
S1758,17,Male,3.2,2.6,100,Yes,75.4
S1759,23,Female,2.8,4.1,90.2,Yes,54.9
S1760,20,Male,0.5,1.6,81,Yes,30.2
S1761,18,Female,4.6,3.4,77.5,Yes,71.8
S1762,21,Male,1.9,2.3,84,No,51.8
S1763,18,Male,3.9,2.4,91.1,Yes,59.5
S1764,21,Male,6.6,2.6,84.7,No,96.6
S1765,19,Male,2.1,2.8,82.8,No,44.1
S1766,21,Male,0,2.4,85.6,No,30.5
S1767,24,Male,3.1,2.8,79,No,63.7
S1768,20,Female,5.2,4.4,81.6,No,74
S1769,17,Male,6.4,3.7,64.1,No,98.8
S1770,21,Female,1.7,3.5,94.7,No,53
S1771,21,Female,4.2,2,88,No,84.6
S1772,17,Female,2.8,1.4,77.3,No,73
S1773,20,Male,3.3,3.6,100,Yes,57.1
S1774,18,Female,7.5,3.6,85.9,No,100
S1775,21,Male,1.2,4.3,74.6,No,36.2
S1776,17,Male,3.9,1.8,93.6,No,65.6
S1777,24,Other,4.2,2.2,89,Yes,87.5
S1778,24,Male,5.1,0.5,88.9,No,100
S1779,19,Female,3.6,2,80.7,No,85.6
S1780,17,Female,4,3.7,89.5,Yes,89.4
S1781,19,Female,2.9,1.9,82.4,No,66.9
S1782,24,Female,3.9,3.3,90.6,No,56
S1783,20,Male,3,2.3,66,No,77.9
S1784,18,Male,4.4,2.9,80.7,No,91.3
S1785,17,Female,2.9,1.1,100,No,68.4
S1786,23,Male,4.1,2.6,77.3,No,85.3
S1787,24,Male,3.5,0,79,Yes,64.4
S1788,24,Male,5.2,2.3,80.5,No,82.8
S1789,23,Male,3.4,0.5,72.9,No,78
S1790,22,Male,0.8,3.9,62.9,No,31.5
S1791,24,Male,5.4,3.4,82.7,No,92.3
S1792,21,Female,2.1,3.1,86.4,Yes,50.1
S1793,20,Female,2.5,4.3,84.5,No,49.4
S1794,17,Female,2.6,1.4,83.6,No,80.3
S1795,23,Male,5.6,4.6,85.4,Yes,89.7
S1796,21,Male,0.3,3.6,95.2,Yes,33.6
S1797,23,Male,8.2,2.2,83.1,Yes,100
S1798,17,Female,5.1,3.9,79.3,No,90.6
S1799,19,Female,3.8,1.2,82.2,Yes,66.3
S1800,17,Male,3.4,1.5,90.8,Yes,86.1
S1801,22,Female,3.9,1.8,99.1,No,65.5
S1802,17,Male,4.3,1.9,78.7,No,82.9
S1803,17,Female,4.5,1.2,86,Yes,76.3
S1804,22,Female,4.3,4,88.4,Yes,59
S1805,20,Female,3.6,2.2,75.1,Yes,76.1
S1806,24,Female,3.2,2.9,85.2,Yes,40.3
S1807,17,Female,3.3,1.8,70.3,Yes,65.2
S1808,22,Male,3.2,0.3,67.3,No,43.9
S1809,21,Female,5.2,2.8,88.7,Yes,89.5
S1810,19,Male,4.4,0.2,81.2,No,80.7
S1811,19,Female,0,2.4,87,No,53
S1812,17,Female,4.5,0.9,84.8,No,70.6
S1813,20,Female,3.8,4.9,75.2,No,65.5
S1814,20,Male,3.5,3.6,84.5,No,75.1
S1815,21,Female,2.9,2.6,72.7,No,43.5
S1816,17,Female,5.2,4,98.9,No,80.6
S1817,19,Female,4.9,1.5,71.4,Yes,88.2
S1818,20,Male,2.3,3.2,83,Yes,48.5
S1819,17,Male,4.1,2.7,74.6,No,67.3
S1820,23,Male,2,2.8,90.7,No,50.7
S1821,20,Male,1.4,4,81.7,No,35.4
S1822,22,Female,2.6,3.4,79.8,No,49.1
S1823,23,Male,4.8,2.8,93.5,No,85.4
S1824,24,Other,4.9,0.5,85.3,No,83.9
S1825,20,Male,4.3,1.3,90.2,No,90.4
S1826,19,Male,4.6,2.4,75.2,No,87.8
S1827,18,Female,4.3,2.6,71,No,87.5
S1828,23,Female,2.5,1.1,86.1,No,58.2
S1829,24,Female,4.1,5.4,81.8,Yes,73.2
S1830,21,Female,4.7,4.3,91.3,No,83.5
S1831,21,Female,4.6,3.2,84.2,Yes,77.6
S1832,19,Male,5.3,2.6,87.1,Yes,98.4
S1833,20,Other,4.6,2.2,68.8,No,78.5
S1834,17,Other,4,1.4,100,Yes,81.1
S1835,20,Female,5.1,2.6,83.4,No,100
S1836,19,Male,3.5,2.8,92,Yes,58.7
S1837,21,Female,2.2,1,76.6,No,62.6
S1838,20,Male,3.3,2.9,88.1,Yes,60.3
S1839,21,Male,2.4,2.3,72,No,63.9
S1840,23,Male,2.5,0.2,89.5,Yes,80
S1841,24,Male,3.3,1.5,81.4,No,62.6
S1842,17,Female,2.3,2,85.3,No,71.4
S1843,23,Female,3,4.8,92,No,60.6
S1844,21,Female,0.7,3.2,72.7,Yes,47.2
S1845,21,Male,3.8,0.9,78.2,Yes,78.1
S1846,18,Male,3.5,3.1,89.6,Yes,75.5
S1847,18,Male,2.3,0.6,100,No,73.5
S1848,23,Other,4.5,3.8,83.6,No,74.6
S1849,22,Male,4.9,1.9,90.9,No,98.7
S1850,23,Female,1.1,2.4,83.9,Yes,49.2
S1851,18,Female,2.4,4.1,100,No,67.4
S1852,21,Male,2.3,1,67.5,No,72.5
S1853,19,Female,2.1,0.8,85.9,Yes,68.4
S1854,23,Female,4.7,1.8,68.7,No,70
S1855,21,Female,3.2,3.7,59.9,No,56.1
S1856,19,Female,3.1,0.7,88,Yes,81.5
S1857,19,Male,0.5,0,86.4,Yes,45
S1858,18,Male,4.5,2,82.2,Yes,84.4
S1859,23,Female,1.6,3.2,83.9,No,36.8
S1860,20,Female,3.6,3.9,100,Yes,65.6
S1861,17,Male,3.9,1.9,82.4,Yes,93.5
S1862,18,Female,5.5,2,90.1,No,93.7
S1863,18,Female,1.5,3.9,78.5,Yes,42.3
S1864,20,Female,0,0.3,88,Yes,53.3
S1865,17,Male,3.8,2,82.6,No,65.9
S1866,21,Female,6.2,2.7,80.9,Yes,87.9
S1867,22,Female,5.4,3,100,No,94.5
S1868,23,Male,3.8,1.9,96.8,No,77.8
S1869,22,Male,2.8,2.5,86.4,No,74.6
S1870,21,Other,4.7,0,62,No,67.5
S1871,24,Male,2,1.7,81.4,Yes,66.5
S1872,18,Female,4.2,3,100,No,78.4
S1873,17,Female,4.3,1.3,82.7,No,84.9
S1874,18,Male,5.1,2.6,96,No,96.6
S1875,19,Female,7.6,3,99.4,No,100
S1876,18,Male,4.1,2.1,87.2,No,83.1
S1877,18,Female,2.7,2.7,76.6,No,36.9
S1878,21,Male,3.5,1.3,60.6,No,60
S1879,21,Female,0.8,2.3,91.8,No,44.3
S1880,21,Male,2.5,3.2,76.9,No,41.6
S1881,22,Male,2.9,2.7,86.8,No,45.5
S1882,19,Other,2.7,1.8,72.5,No,68.2
S1883,24,Male,3.7,2.8,82.3,No,75.5
S1884,24,Female,2.3,3.4,85.3,No,40.9
S1885,21,Male,5.2,0,87.7,No,100
S1886,17,Female,3.5,3.9,73.9,Yes,65.6
S1887,22,Male,3.5,2.1,97,No,75.9
S1888,20,Other,3,3,79,Yes,69.8
S1889,17,Male,3.7,3.9,68.3,No,66.6
S1890,23,Male,4.7,0.9,83.9,No,84.5
S1891,23,Male,2.2,1.6,85.3,Yes,65.6
S1892,17,Male,2.5,2.2,86.6,No,46.8
S1893,21,Female,3,1.6,98.6,No,67.7
S1894,20,Male,1.5,4.6,82.6,Yes,45.4
S1895,20,Female,2.3,1.5,83.8,No,57
S1896,22,Male,2.8,1.8,74,No,58.4
S1897,20,Male,4.8,2.7,93.2,Yes,70.8
S1898,23,Female,3.9,1.1,86.8,No,75.7
S1899,19,Female,3.8,2,80.8,No,55.7
S1900,21,Male,4.8,2.9,66,Yes,82.1
S1901,20,Male,3.3,2.1,99.4,Yes,71.4
S1902,22,Male,4.1,2.4,72.7,No,66.7
S1903,23,Female,3.3,1.9,79.1,No,70.9
S1904,19,Female,3.9,0.7,88.6,Yes,73
S1905,18,Male,2.6,2.9,73,Yes,53.9
S1906,18,Female,0,4.6,70.1,No,43.4
S1907,19,Female,3.3,2.5,63.8,No,55.4
S1908,23,Female,5.6,2.8,92.2,No,100
S1909,22,Female,4.9,3.3,79.5,No,71.8
S1910,19,Male,4.9,1,100,No,89.2
S1911,21,Male,5.4,4.5,75.1,No,83.9
S1912,21,Male,3.6,2.7,75.8,No,89.1
S1913,18,Male,3.8,4.5,79.3,No,53.5
S1914,20,Female,2.6,1.6,87.4,No,72.9
S1915,22,Female,3,4.7,80.3,No,61
S1916,18,Male,4.4,3.4,91.1,No,69.1
S1917,20,Male,5.3,3.2,75.2,No,77.2
S1918,20,Male,3.3,2.8,71.2,No,71.9
S1919,24,Female,2.8,2.2,67,Yes,74.7
S1920,21,Male,3.5,3.9,62.8,No,74.5
S1921,23,Female,4.4,2.7,79.8,No,85.4
S1922,17,Male,1.3,0.1,82,Yes,44.3
S1923,23,Male,0.1,1.2,78.7,No,53.4
S1924,17,Other,2.7,2.3,97.4,Yes,57.4
S1925,19,Other,1.7,2.9,97.3,No,53.6
S1926,21,Male,2.7,2.4,81.7,Yes,58.8
S1927,20,Female,3.3,4,67.1,No,43.5
S1928,22,Female,2.8,0.2,79.3,No,65.6
S1929,17,Female,5.7,2.7,79,Yes,89.8
S1930,23,Male,4,0.3,78.4,No,89.5
S1931,20,Female,4,3.4,78,Yes,68.8
S1932,17,Female,4.4,2.4,78.5,No,76.8
S1933,17,Female,1.8,3,81.1,No,47.5
S1934,24,Male,5.1,1.5,78.6,Yes,89.3
S1935,17,Male,3.4,4,87.1,No,62
S1936,22,Male,4.5,3.8,88.6,Yes,66.1
S1937,21,Female,1.9,3.2,75.9,No,41.7
S1938,22,Male,1.2,2.3,97.7,No,28
S1939,18,Female,4.7,3.2,75.2,No,71
S1940,20,Other,4.1,1.7,68.8,No,67.5
S1941,21,Male,2.1,3.5,88.8,No,63.4
S1942,24,Female,2.2,4.5,76.8,No,50.2
S1943,21,Male,5.2,3.8,88.2,No,72
S1944,21,Female,1.7,1.6,61,Yes,67.9
S1945,23,Male,6,2.9,98.9,No,100
S1946,21,Female,2.1,0.9,91.7,Yes,55
S1947,24,Female,4.5,3.2,70,Yes,59.9
S1948,22,Female,3,3,70.2,No,63.2
S1949,21,Female,4.4,0.3,100,No,84.5
S1950,19,Female,2.7,1.1,77.6,No,50.8
S1951,20,Female,3.3,2.2,76.7,No,94
S1952,21,Female,3.6,2.1,62.3,No,65.6
S1953,20,Female,2,1,81.5,No,61.7
S1954,19,Male,4.6,3,82.7,Yes,66
S1955,19,Female,2.7,2.8,92.2,No,86.9
S1956,20,Female,3.2,2.3,71,No,59.6
S1957,17,Female,2,1.6,69.8,No,49.1
S1958,18,Male,0,3.8,89.5,No,31.1
S1959,23,Female,3.2,4.5,95.1,No,45.7
S1960,17,Male,7.1,1.9,69.3,No,100
S1961,17,Female,4.7,1.8,95.8,No,81.1
S1962,22,Male,3.5,3.1,85.4,No,55.1
S1963,23,Female,3.1,2.1,95.9,No,53.3
S1964,23,Other,3.5,2.3,84.3,Yes,89.1
S1965,17,Male,4.3,3.4,59.8,Yes,77.3
S1966,21,Other,1.7,0.2,83.5,Yes,56.4
S1967,22,Male,5.2,4.1,95.6,No,76.1
S1968,22,Female,4.6,2.6,76.1,No,74.6
S1969,19,Female,4.6,2,81.1,No,83
S1970,24,Female,4.2,2.4,83.2,Yes,85.9
S1971,23,Female,3.5,2.5,56,No,64.5
S1972,17,Female,4.5,0.4,100,No,91.9
S1973,19,Male,4.4,4.3,76,No,74.6
S1974,20,Male,3,2.5,90.1,No,70.9
S1975,18,Female,2.6,3,84.1,No,66.7
S1976,24,Female,3.7,3.6,97.6,Yes,77.4
S1977,24,Female,5.8,1.3,89.1,Yes,99
S1978,24,Female,1.6,3.1,82.7,Yes,43.5
S1979,22,Male,1.3,2.2,76.1,No,53.4
S1980,20,Female,3.7,3.5,93,Yes,81
S1981,24,Male,3.6,0,66.3,No,66.2
S1982,20,Female,3.8,2.4,91.5,No,88
S1983,21,Male,3.9,1.8,74,No,64.4
S1984,24,Male,3.2,3,97.5,No,82.4
S1985,18,Male,5.7,3.1,86.6,Yes,80.9
S1986,20,Male,1.1,1.7,91.4,No,59.6
S1987,20,Female,2.3,1.6,85.8,No,56.2
S1988,18,Male,3.3,2.4,67.5,Yes,72.5
S1989,24,Male,1,1.4,76.4,No,47.6
S1990,18,Male,3.2,3.5,91.7,No,63.6
S1991,20,Male,6,2.1,86.7,No,85.3
S1992,18,Male,3.5,0,96.8,No,71.8
S1993,20,Male,3.8,2.1,89,No,70.9
S1994,20,Female,1.6,1.3,75.3,No,41.7
S1995,21,Female,2.6,0.5,77,Yes,76.1
S1996,17,Female,2.9,1,86,Yes,65.9
S1997,20,Male,3,2.6,61.9,Yes,64.4
S1998,24,Male,5.4,4.1,100,No,69.7
S1999,19,Female,4.3,2.9,89.4,No,74.9
